"COREAD","ESCA","HEALTHY","LIHC","NSCLC","PACA","STAD","split_name","train_early_percentage","test_early_percentage","MFR_train_auc","MFR_test_auc","FSI_train_auc","FSI_test_auc","CAFF_train_auc","CAFF_test_auc","FEM_train_auc","FEM_test_auc","Cancer_prob_train_auc","Cancer_prob_test_auc"
2,3,2,1,2,3,5,"split_1",0.222664015904573,0.577617328519856,0.944,0.867,0.938,0.863,0.864,0.775,0.981,0.756,0.99,0.863
5,3,2,1,2,3,5,"split_2",0.227364185110664,0.561837455830389,0.942,0.868,0.94,0.877,0.868,0.771,0.982,0.766,0.99,0.864
6,3,2,1,2,3,5,"split_3",0.204899777282851,0.54380664652568,0.948,0.881,0.943,0.877,0.869,0.783,0.981,0.796,0.991,0.888
2,4,2,1,2,3,5,"split_4",0.245798319327731,0.509868421052632,0.933,0.894,0.937,0.876,0.853,0.8,0.98,0.771,0.988,0.876
5,4,2,1,2,3,5,"split_5",0.251063829787234,0.496774193548387,0.933,0.897,0.941,0.883,0.857,0.796,0.981,0.796,0.989,0.884
6,4,2,1,2,3,5,"split_6",0.229857819905213,0.488826815642458,0.925,0.895,0.932,0.89,0.857,0.804,0.978,0.822,0.986,0.9
2,3,3,1,2,3,5,"split_7",0.222664015904573,0.577617328519856,0.953,0.867,0.94,0.857,0.887,0.777,0.978,0.857,0.986,0.907
5,3,3,1,2,3,5,"split_8",0.227364185110664,0.561837455830389,0.951,0.872,0.943,0.861,0.892,0.771,0.98,0.859,0.988,0.909
6,3,3,1,2,3,5,"split_9",0.204899777282851,0.54380664652568,0.948,0.881,0.935,0.865,0.889,0.789,0.974,0.878,0.983,0.92
2,4,3,1,2,3,5,"split_10",0.245798319327731,0.509868421052632,0.944,0.888,0.94,0.859,0.877,0.802,0.977,0.861,0.985,0.91
5,4,3,1,2,3,5,"split_11",0.251063829787234,0.496774193548387,0.942,0.89,0.949,0.857,0.882,0.795,0.978,0.863,0.987,0.911
6,4,3,1,2,3,5,"split_12",0.229857819905213,0.488826815642458,0.939,0.898,0.935,0.871,0.879,0.809,0.972,0.884,0.98,0.928
2,3,2,6,2,3,5,"split_13",0.311320754716981,0.428,0.936,0.904,0.926,0.881,0.852,0.791,0.964,0.883,0.981,0.928
5,3,2,6,2,3,5,"split_14",0.316793893129771,0.4140625,0.938,0.903,0.929,0.888,0.856,0.786,0.966,0.878,0.983,0.924
6,3,2,6,2,3,5,"split_15",0.304621848739496,0.417763157894737,0.937,0.909,0.922,0.896,0.856,0.797,0.963,0.892,0.981,0.938
2,4,2,6,2,3,5,"split_16",0.337972166998012,0.368231046931408,0.925,0.928,0.92,0.893,0.841,0.818,0.961,0.896,0.978,0.938
5,4,2,6,2,3,5,"split_17",0.344064386317907,0.356890459363958,0.929,0.927,0.921,0.898,0.844,0.812,0.966,0.897,0.98,0.938
6,4,2,6,2,3,5,"split_18",0.334075723830735,0.368580060422961,0.933,0.929,0.921,0.9,0.843,0.819,0.961,0.907,0.979,0.944
2,3,3,6,2,3,5,"split_19",0.311320754716981,0.428,0.943,0.899,0.939,0.868,0.875,0.792,0.967,0.872,0.98,0.918
5,3,3,6,2,3,5,"split_20",0.316793893129771,0.4140625,0.943,0.898,0.931,0.867,0.88,0.784,0.97,0.876,0.981,0.916
6,3,3,6,2,3,5,"split_21",0.304621848739496,0.417763157894737,0.948,0.905,0.936,0.873,0.877,0.802,0.965,0.886,0.981,0.931
2,4,3,6,2,3,5,"split_22",0.337972166998012,0.368231046931408,0.938,0.916,0.926,0.869,0.866,0.817,0.967,0.883,0.979,0.926
5,4,3,6,2,3,5,"split_23",0.344064386317907,0.356890459363958,0.938,0.917,0.931,0.869,0.87,0.809,0.97,0.871,0.981,0.917
6,4,3,6,2,3,5,"split_24",0.334075723830735,0.368580060422961,0.933,0.914,0.921,0.871,0.866,0.822,0.964,0.879,0.975,0.926
2,3,2,1,3,3,5,"split_25",0.248945147679325,0.503267973856209,0.939,0.892,0.935,0.872,0.859,0.792,0.968,0.824,0.981,0.905
5,3,2,1,3,3,5,"split_26",0.254273504273504,0.490384615384615,0.934,0.895,0.936,0.873,0.862,0.788,0.969,0.832,0.983,0.908
6,3,2,1,3,3,5,"split_27",0.233333333333333,0.483333333333333,0.935,0.901,0.935,0.887,0.863,0.797,0.965,0.855,0.98,0.922
2,4,2,1,3,3,5,"split_28",0.275167785234899,0.447447447447447,0.928,0.913,0.936,0.883,0.846,0.814,0.965,0.829,0.979,0.914
5,4,2,1,3,3,5,"split_29",0.281179138321995,0.436578171091445,0.924,0.917,0.929,0.879,0.85,0.81,0.966,0.841,0.98,0.92
6,4,2,1,3,3,5,"split_30",0.262086513994911,0.436692506459948,0.916,0.919,0.923,0.896,0.849,0.815,0.963,0.865,0.976,0.93
2,3,3,1,3,3,5,"split_31",0.248945147679325,0.503267973856209,0.946,0.882,0.944,0.853,0.882,0.795,0.965,0.871,0.979,0.919
5,3,3,1,3,3,5,"split_32",0.254273504273504,0.490384615384615,0.942,0.888,0.945,0.852,0.887,0.789,0.967,0.874,0.981,0.916
6,3,3,1,3,3,5,"split_33",0.233333333333333,0.483333333333333,0.938,0.895,0.942,0.865,0.884,0.803,0.959,0.891,0.975,0.934
2,4,3,1,3,3,5,"split_34",0.275167785234899,0.447447447447447,0.929,0.904,0.934,0.862,0.871,0.815,0.963,0.884,0.973,0.925
5,4,3,1,3,3,5,"split_35",0.281179138321995,0.436578171091445,0.931,0.906,0.933,0.862,0.876,0.809,0.964,0.883,0.974,0.92
6,4,3,1,3,3,5,"split_36",0.262086513994911,0.436692506459948,0.924,0.91,0.941,0.878,0.872,0.82,0.957,0.891,0.972,0.935
2,3,2,6,3,3,5,"split_37",0.341317365269461,0.362007168458781,0.93,0.923,0.927,0.882,0.846,0.808,0.954,0.919,0.974,0.952
5,3,2,6,3,3,5,"split_38",0.347474747474747,0.350877192982456,0.93,0.925,0.925,0.89,0.85,0.803,0.956,0.92,0.975,0.951
6,3,2,6,3,3,5,"split_39",0.337807606263982,0.363363363363363,0.933,0.926,0.922,0.899,0.849,0.811,0.953,0.921,0.975,0.957
2,4,2,6,3,3,5,"split_40",0.371308016877637,0.313725490196078,0.919,0.94,0.915,0.9,0.834,0.831,0.953,0.923,0.971,0.961
5,4,2,6,3,3,5,"split_41",0.378205128205128,0.304487179487179,0.92,0.946,0.915,0.901,0.837,0.826,0.955,0.918,0.972,0.956
6,4,2,6,3,3,5,"split_42",0.371428571428571,0.322222222222222,0.915,0.941,0.909,0.906,0.835,0.83,0.947,0.916,0.967,0.958
2,3,3,6,3,3,5,"split_43",0.341317365269461,0.362007168458781,0.937,0.912,0.933,0.873,0.87,0.809,0.965,0.856,0.979,0.913
5,3,3,6,3,3,5,"split_44",0.347474747474747,0.350877192982456,0.938,0.916,0.933,0.869,0.875,0.802,0.966,0.849,0.98,0.909
6,3,3,6,3,3,5,"split_45",0.337807606263982,0.363363363363363,0.931,0.913,0.927,0.878,0.871,0.816,0.961,0.857,0.975,0.921
2,4,3,6,3,3,5,"split_46",0.371308016877637,0.313725490196078,0.934,0.922,0.933,0.874,0.859,0.83,0.964,0.849,0.979,0.918
5,4,3,6,3,3,5,"split_47",0.378205128205128,0.304487179487179,0.934,0.925,0.933,0.868,0.864,0.824,0.966,0.847,0.979,0.905
6,4,3,6,3,3,5,"split_48",0.371428571428571,0.322222222222222,0.929,0.923,0.924,0.876,0.858,0.833,0.96,0.857,0.972,0.918
2,3,2,1,4,3,5,"split_49",0.237006237006237,0.528428093645485,0.935,0.894,0.934,0.869,0.863,0.783,0.968,0.812,0.982,0.9
5,3,2,1,4,3,5,"split_50",0.242105263157895,0.514754098360656,0.928,0.889,0.931,0.875,0.867,0.779,0.968,0.826,0.982,0.901
6,3,2,1,4,3,5,"split_51",0.220140515222482,0.504249291784703,0.931,0.899,0.935,0.882,0.868,0.79,0.966,0.841,0.981,0.915
2,4,2,1,4,3,5,"split_52",0.262114537444934,0.469325153374233,0.922,0.915,0.932,0.881,0.851,0.806,0.966,0.828,0.979,0.911
5,4,2,1,4,3,5,"split_53",0.267857142857143,0.457831325301205,0.921,0.919,0.934,0.884,0.855,0.802,0.966,0.835,0.98,0.911
6,4,2,1,4,3,5,"split_54",0.2475,0.455263157894737,0.919,0.92,0.928,0.893,0.855,0.809,0.962,0.857,0.977,0.927
2,3,3,1,4,3,5,"split_55",0.237006237006237,0.528428093645485,0.945,0.874,0.952,0.86,0.88,0.795,0.964,0.878,0.981,0.921
5,3,3,1,4,3,5,"split_56",0.242105263157895,0.514754098360656,0.944,0.882,0.95,0.857,0.885,0.788,0.966,0.883,0.983,0.921
6,3,3,1,4,3,5,"split_57",0.220140515222482,0.504249291784703,0.936,0.887,0.948,0.871,0.882,0.803,0.959,0.892,0.977,0.931
2,4,3,1,4,3,5,"split_58",0.262114537444934,0.469325153374233,0.939,0.9,0.935,0.856,0.87,0.816,0.962,0.876,0.976,0.92
5,4,3,1,4,3,5,"split_59",0.267857142857143,0.457831325301205,0.934,0.899,0.935,0.864,0.875,0.81,0.965,0.879,0.978,0.922
6,4,3,1,4,3,5,"split_60",0.2475,0.455263157894737,0.928,0.906,0.94,0.881,0.87,0.821,0.955,0.895,0.973,0.938
2,3,2,6,4,3,5,"split_61",0.328740157480315,0.386029411764706,0.928,0.922,0.928,0.884,0.851,0.799,0.953,0.913,0.974,0.947
5,3,2,6,4,3,5,"split_62",0.334661354581673,0.37410071942446,0.93,0.924,0.918,0.892,0.854,0.794,0.956,0.912,0.975,0.946
6,3,2,6,4,3,5,"split_63",0.323788546255507,0.383435582822086,0.93,0.921,0.922,0.9,0.854,0.804,0.952,0.917,0.974,0.952
2,4,2,6,4,3,5,"split_64",0.357588357588358,0.334448160535117,0.92,0.941,0.919,0.899,0.839,0.823,0.951,0.915,0.971,0.956
5,4,2,6,4,3,5,"split_65",0.364210526315789,0.324590163934426,0.92,0.943,0.916,0.905,0.842,0.818,0.954,0.911,0.972,0.954
6,4,2,6,4,3,5,"split_66",0.355971896955504,0.339943342776204,0.916,0.942,0.923,0.903,0.841,0.823,0.949,0.918,0.971,0.956
2,3,3,6,4,3,5,"split_67",0.328740157480315,0.386029411764706,0.947,0.897,0.927,0.875,0.869,0.809,0.961,0.878,0.977,0.926
5,3,3,6,4,3,5,"split_68",0.334661354581673,0.37410071942446,0.94,0.904,0.928,0.877,0.873,0.802,0.964,0.868,0.979,0.918
6,3,3,6,4,3,5,"split_69",0.323788546255507,0.383435582822086,0.941,0.899,0.923,0.882,0.869,0.816,0.959,0.871,0.975,0.929
2,4,3,6,4,3,5,"split_70",0.357588357588358,0.334448160535117,0.94,0.915,0.937,0.881,0.858,0.831,0.961,0.873,0.979,0.927
5,4,3,6,4,3,5,"split_71",0.364210526315789,0.324590163934426,0.935,0.916,0.936,0.876,0.863,0.824,0.963,0.872,0.979,0.922
6,4,3,6,4,3,5,"split_72",0.355971896955504,0.339943342776204,0.934,0.916,0.923,0.882,0.857,0.834,0.957,0.878,0.973,0.929
2,3,2,1,5,3,5,"split_73",0.220858895705521,0.563573883161512,0.939,0.882,0.932,0.867,0.858,0.789,0.97,0.815,0.983,0.895
5,3,2,1,5,3,5,"split_74",0.225672877846791,0.548821548821549,0.935,0.882,0.932,0.874,0.862,0.785,0.97,0.829,0.983,0.902
6,3,2,1,5,3,5,"split_75",0.202298850574713,0.533333333333333,0.934,0.887,0.932,0.882,0.862,0.795,0.969,0.846,0.982,0.914
2,4,2,1,5,3,5,"split_76",0.244588744588745,0.5,0.926,0.905,0.929,0.881,0.846,0.812,0.968,0.829,0.98,0.907
5,4,2,1,5,3,5,"split_77",0.25,0.487654320987654,0.924,0.909,0.925,0.884,0.85,0.808,0.969,0.844,0.981,0.911
6,4,2,1,5,3,5,"split_78",0.227941176470588,0.481182795698925,0.922,0.911,0.926,0.893,0.849,0.814,0.966,0.862,0.978,0.924
2,3,3,1,5,3,5,"split_79",0.220858895705521,0.563573883161512,0.953,0.871,0.941,0.859,0.881,0.791,0.97,0.856,0.983,0.909
5,3,3,1,5,3,5,"split_80",0.225672877846791,0.548821548821549,0.949,0.87,0.939,0.86,0.886,0.785,0.971,0.859,0.983,0.906
6,3,3,1,5,3,5,"split_81",0.202298850574713,0.533333333333333,0.948,0.879,0.926,0.868,0.883,0.801,0.966,0.87,0.978,0.919
2,4,3,1,5,3,5,"split_82",0.244588744588745,0.5,0.943,0.888,0.938,0.863,0.871,0.813,0.969,0.851,0.98,0.909
5,4,3,1,5,3,5,"split_83",0.25,0.487654320987654,0.939,0.893,0.942,0.863,0.876,0.807,0.971,0.865,0.982,0.911
6,4,3,1,5,3,5,"split_84",0.227941176470588,0.481182795698925,0.934,0.895,0.933,0.871,0.872,0.819,0.964,0.877,0.975,0.923
2,3,2,6,5,3,5,"split_85",0.312015503875969,0.420454545454545,0.93,0.914,0.921,0.887,0.846,0.806,0.956,0.913,0.974,0.945
5,3,2,6,5,3,5,"split_86",0.317647058823529,0.407407407407407,0.928,0.917,0.922,0.888,0.849,0.801,0.957,0.904,0.976,0.941
6,3,2,6,5,3,5,"split_87",0.305194805194805,0.411949685534591,0.933,0.916,0.916,0.893,0.849,0.809,0.956,0.908,0.974,0.946
2,4,2,6,5,3,5,"split_88",0.339468302658487,0.36426116838488,0.918,0.938,0.912,0.893,0.834,0.83,0.956,0.919,0.972,0.951
5,4,2,6,5,3,5,"split_89",0.345755693581781,0.353535353535354,0.918,0.94,0.918,0.9,0.838,0.825,0.956,0.91,0.973,0.95
6,4,2,6,5,3,5,"split_90",0.335632183908046,0.365217391304348,0.92,0.938,0.911,0.896,0.836,0.829,0.953,0.919,0.972,0.955
2,3,3,6,5,3,5,"split_91",0.312015503875969,0.420454545454545,0.945,0.895,0.929,0.871,0.87,0.806,0.965,0.849,0.979,0.909
5,3,3,6,5,3,5,"split_92",0.317647058823529,0.407407407407407,0.943,0.9,0.928,0.873,0.875,0.799,0.966,0.86,0.979,0.909
6,3,3,6,5,3,5,"split_93",0.305194805194805,0.411949685534591,0.945,0.893,0.924,0.879,0.871,0.814,0.964,0.856,0.979,0.916
2,4,3,6,5,3,5,"split_94",0.339468302658487,0.36426116838488,0.937,0.913,0.939,0.864,0.859,0.829,0.966,0.857,0.98,0.912
5,4,3,6,5,3,5,"split_95",0.345755693581781,0.353535353535354,0.935,0.91,0.926,0.872,0.864,0.822,0.966,0.852,0.979,0.912
6,4,3,6,5,3,5,"split_96",0.335632183908046,0.365217391304348,0.937,0.911,0.92,0.877,0.859,0.832,0.963,0.863,0.976,0.922
2,3,2,1,2,6,5,"split_97",0.322097378277154,0.40650406504065,0.943,0.853,0.921,0.886,0.83,0.84,0.983,0.739,0.989,0.84
5,3,2,1,2,6,5,"split_98",0.327651515151515,0.392857142857143,0.945,0.862,0.924,0.891,0.833,0.833,0.982,0.752,0.99,0.848
6,3,2,1,2,6,5,"split_99",0.316666666666667,0.4,0.944,0.871,0.916,0.899,0.83,0.837,0.98,0.789,0.989,0.873
2,4,2,1,2,6,5,"split_100",0.349112426035503,0.347985347985348,0.935,0.881,0.918,0.897,0.817,0.862,0.982,0.766,0.988,0.865
5,4,2,1,2,6,5,"split_101",0.355289421157685,0.336917562724014,0.934,0.889,0.924,0.903,0.82,0.855,0.982,0.783,0.988,0.877
6,4,2,1,2,6,5,"split_102",0.346578366445916,0.351681957186544,0.935,0.896,0.917,0.906,0.817,0.856,0.979,0.815,0.987,0.895
2,3,3,1,2,6,5,"split_103",0.322097378277154,0.40650406504065,0.95,0.868,0.923,0.892,0.852,0.843,0.977,0.851,0.985,0.904
5,3,3,1,2,6,5,"split_104",0.327651515151515,0.392857142857143,0.947,0.869,0.921,0.894,0.857,0.834,0.977,0.863,0.985,0.91
6,3,3,1,2,6,5,"split_105",0.316666666666667,0.4,0.945,0.877,0.927,0.902,0.851,0.844,0.972,0.88,0.983,0.926
2,4,3,1,2,6,5,"split_106",0.349112426035503,0.347985347985348,0.94,0.889,0.916,0.897,0.841,0.863,0.975,0.874,0.983,0.921
5,4,3,1,2,6,5,"split_107",0.355289421157685,0.336917562724014,0.939,0.891,0.919,0.898,0.846,0.855,0.978,0.869,0.985,0.918
6,4,3,1,2,6,5,"split_108",0.346578366445916,0.351681957186544,0.934,0.897,0.927,0.903,0.838,0.861,0.97,0.887,0.979,0.93
2,3,2,6,2,6,5,"split_109",0.401069518716578,0.214611872146119,0.94,0.898,0.918,0.906,0.82,0.866,0.969,0.885,0.983,0.93
5,3,2,6,2,6,5,"split_110",0.407207207207207,0.204444444444444,0.942,0.9,0.913,0.915,0.823,0.858,0.971,0.879,0.984,0.926
6,3,2,6,2,6,5,"split_111",0.404339250493097,0.245421245421245,0.937,0.902,0.914,0.914,0.82,0.858,0.967,0.892,0.982,0.936
2,4,2,6,2,6,5,"split_112",0.430711610486891,0.170731707317073,0.928,0.922,0.907,0.92,0.808,0.888,0.969,0.898,0.98,0.943
5,4,2,6,2,6,5,"split_113",0.4375,0.162698412698413,0.931,0.923,0.911,0.919,0.811,0.88,0.971,0.887,0.983,0.935
6,4,2,6,2,6,5,"split_114",0.4375,0.206666666666667,0.929,0.926,0.905,0.922,0.806,0.877,0.965,0.903,0.981,0.946
2,3,3,6,2,6,5,"split_115",0.401069518716578,0.214611872146119,0.939,0.908,0.918,0.91,0.843,0.867,0.969,0.887,0.98,0.932
5,3,3,6,2,6,5,"split_116",0.407207207207207,0.204444444444444,0.937,0.906,0.909,0.907,0.847,0.857,0.969,0.886,0.98,0.926
6,3,3,6,2,6,5,"split_117",0.404339250493097,0.245421245421245,0.934,0.907,0.917,0.915,0.841,0.864,0.965,0.896,0.977,0.942
2,4,3,6,2,6,5,"split_118",0.430711610486891,0.170731707317073,0.933,0.922,0.91,0.912,0.832,0.887,0.967,0.889,0.977,0.935
5,4,3,6,2,6,5,"split_119",0.4375,0.162698412698413,0.932,0.924,0.909,0.912,0.836,0.877,0.969,0.889,0.978,0.933
6,4,3,6,2,6,5,"split_120",0.4375,0.206666666666667,0.929,0.923,0.912,0.913,0.828,0.88,0.964,0.897,0.975,0.942
2,3,2,1,3,6,5,"split_121",0.352475247524752,0.341818181818182,0.937,0.886,0.917,0.895,0.822,0.852,0.969,0.825,0.981,0.904
5,3,2,1,3,6,5,"split_122",0.35871743486974,0.330960854092527,0.937,0.891,0.927,0.898,0.825,0.846,0.97,0.836,0.982,0.912
6,3,2,1,3,6,5,"split_123",0.350332594235033,0.346504559270517,0.936,0.893,0.91,0.907,0.822,0.848,0.968,0.855,0.98,0.921
2,4,2,1,3,6,5,"split_124",0.382845188284519,0.294701986754967,0.926,0.907,0.909,0.906,0.809,0.871,0.969,0.834,0.979,0.917
5,4,2,1,3,6,5,"split_125",0.389830508474576,0.285714285714286,0.923,0.909,0.909,0.908,0.812,0.865,0.97,0.846,0.979,0.922
6,4,2,1,3,6,5,"split_126",0.384433962264151,0.306179775280899,0.917,0.909,0.915,0.918,0.807,0.864,0.965,0.864,0.977,0.932
2,3,3,1,3,6,5,"split_127",0.352475247524752,0.341818181818182,0.936,0.886,0.919,0.892,0.845,0.855,0.965,0.889,0.976,0.93
5,3,3,1,3,6,5,"split_128",0.35871743486974,0.330960854092527,0.937,0.891,0.923,0.896,0.85,0.847,0.967,0.888,0.979,0.933
6,3,3,1,3,6,5,"split_129",0.350332594235033,0.346504559270517,0.935,0.901,0.919,0.898,0.843,0.854,0.958,0.907,0.973,0.945
2,4,3,1,3,6,5,"split_130",0.382845188284519,0.294701986754967,0.932,0.909,0.919,0.9,0.833,0.873,0.966,0.889,0.977,0.935
5,4,3,1,3,6,5,"split_131",0.389830508474576,0.285714285714286,0.932,0.91,0.91,0.896,0.838,0.865,0.965,0.893,0.975,0.936
6,4,3,1,3,6,5,"split_132",0.384433962264151,0.306179775280899,0.923,0.915,0.91,0.905,0.829,0.869,0.958,0.902,0.969,0.945
2,3,2,6,3,6,5,"split_133",0.434210526315789,0.165322580645161,0.926,0.924,0.91,0.913,0.813,0.877,0.96,0.926,0.975,0.96
5,3,2,6,3,6,5,"split_134",0.44106463878327,0.15748031496063,0.932,0.927,0.914,0.916,0.815,0.87,0.962,0.92,0.977,0.96
6,3,2,6,3,6,5,"split_135",0.441422594142259,0.201986754966887,0.928,0.926,0.917,0.923,0.811,0.868,0.959,0.92,0.977,0.96
2,4,2,6,3,6,5,"split_136",0.467326732673267,0.130909090909091,0.921,0.941,0.903,0.922,0.799,0.895,0.961,0.928,0.974,0.967
5,4,2,6,3,6,5,"split_137",0.474949899799599,0.124555160142349,0.923,0.947,0.904,0.927,0.802,0.888,0.962,0.919,0.976,0.965
6,4,2,6,3,6,5,"split_138",0.478935698447894,0.170212765957447,0.921,0.944,0.891,0.928,0.796,0.884,0.96,0.919,0.973,0.964
2,3,3,6,3,6,5,"split_139",0.434210526315789,0.165322580645161,0.923,0.921,0.918,0.914,0.836,0.878,0.964,0.878,0.975,0.932
5,3,3,6,3,6,5,"split_140",0.44106463878327,0.15748031496063,0.928,0.927,0.913,0.914,0.84,0.868,0.965,0.88,0.977,0.934
6,3,3,6,3,6,5,"split_141",0.441422594142259,0.201986754966887,0.931,0.928,0.911,0.914,0.833,0.873,0.961,0.885,0.975,0.942
2,4,3,6,3,6,5,"split_142",0.467326732673267,0.130909090909091,0.927,0.939,0.909,0.919,0.824,0.895,0.966,0.88,0.977,0.938
5,4,3,6,3,6,5,"split_143",0.474949899799599,0.124555160142349,0.924,0.941,0.91,0.916,0.828,0.886,0.966,0.882,0.977,0.934
6,4,3,6,3,6,5,"split_144",0.478935698447894,0.170212765957447,0.917,0.936,0.9,0.918,0.819,0.888,0.961,0.879,0.971,0.941
2,3,2,1,4,6,5,"split_145",0.33984375,0.365671641791045,0.932,0.886,0.919,0.892,0.827,0.844,0.969,0.816,0.981,0.902
5,3,2,1,4,6,5,"split_146",0.345849802371542,0.354014598540146,0.931,0.888,0.919,0.9,0.83,0.838,0.97,0.829,0.982,0.905
6,3,2,1,4,6,5,"split_147",0.336244541484716,0.366459627329193,0.93,0.893,0.923,0.906,0.827,0.841,0.968,0.844,0.981,0.916
2,4,2,1,4,6,5,"split_148",0.369072164948454,0.315254237288136,0.924,0.913,0.906,0.907,0.814,0.864,0.966,0.825,0.978,0.911
5,4,2,1,4,6,5,"split_149",0.375782881002088,0.305647840531561,0.925,0.919,0.909,0.912,0.817,0.858,0.968,0.838,0.979,0.923
6,4,2,1,4,6,5,"split_150",0.368909512761021,0.32378223495702,0.916,0.915,0.904,0.909,0.813,0.858,0.965,0.857,0.976,0.927
2,3,3,1,4,6,5,"split_151",0.33984375,0.365671641791045,0.945,0.888,0.92,0.891,0.845,0.857,0.965,0.891,0.979,0.929
5,3,3,1,4,6,5,"split_152",0.345849802371542,0.354014598540146,0.941,0.889,0.922,0.892,0.849,0.848,0.965,0.894,0.979,0.932
6,3,3,1,4,6,5,"split_153",0.336244541484716,0.366459627329193,0.93,0.892,0.915,0.903,0.842,0.856,0.959,0.905,0.972,0.941
2,4,3,1,4,6,5,"split_154",0.369072164948454,0.315254237288136,0.933,0.911,0.921,0.905,0.833,0.874,0.964,0.897,0.977,0.941
5,4,3,1,4,6,5,"split_155",0.375782881002088,0.305647840531561,0.933,0.909,0.91,0.896,0.837,0.866,0.965,0.895,0.976,0.935
6,4,3,1,4,6,5,"split_156",0.368909512761021,0.32378223495702,0.921,0.91,0.913,0.907,0.828,0.871,0.959,0.9,0.971,0.942
2,3,2,6,4,6,5,"split_157",0.421150278293135,0.186721991701245,0.927,0.924,0.905,0.91,0.817,0.868,0.96,0.921,0.976,0.959
5,3,2,6,4,6,5,"split_158",0.427767354596623,0.178137651821862,0.928,0.923,0.907,0.92,0.82,0.861,0.961,0.917,0.976,0.954
6,3,2,6,4,6,5,"split_159",0.42680412371134,0.220338983050847,0.928,0.926,0.909,0.92,0.816,0.861,0.96,0.914,0.977,0.958
2,4,2,6,4,6,5,"split_160",0.453125,0.149253731343284,0.92,0.946,0.907,0.926,0.804,0.888,0.957,0.927,0.974,0.968
5,4,2,6,4,6,5,"split_161",0.460474308300395,0.142335766423358,0.924,0.949,0.909,0.93,0.807,0.881,0.961,0.918,0.976,0.962
6,4,2,6,4,6,5,"split_162",0.462882096069869,0.186335403726708,0.922,0.945,0.896,0.927,0.802,0.877,0.957,0.917,0.973,0.964
2,3,3,6,4,6,5,"split_163",0.421150278293135,0.186721991701245,0.937,0.918,0.911,0.915,0.836,0.88,0.961,0.902,0.975,0.946
5,3,3,6,4,6,5,"split_164",0.427767354596623,0.178137651821862,0.934,0.921,0.916,0.918,0.84,0.87,0.963,0.897,0.977,0.941
6,3,3,6,4,6,5,"split_165",0.42680412371134,0.220338983050847,0.933,0.924,0.917,0.922,0.832,0.875,0.958,0.903,0.975,0.952
2,4,3,6,4,6,5,"split_166",0.453125,0.149253731343284,0.932,0.935,0.91,0.919,0.824,0.897,0.962,0.9,0.976,0.948
5,4,3,6,4,6,5,"split_167",0.460474308300395,0.142335766423358,0.931,0.936,0.911,0.919,0.828,0.888,0.963,0.898,0.976,0.944
6,4,3,6,4,6,5,"split_168",0.462882096069869,0.186335403726708,0.932,0.937,0.908,0.922,0.819,0.889,0.958,0.896,0.974,0.952
2,3,2,1,5,6,5,"split_169",0.323076923076923,0.4,0.938,0.869,0.917,0.893,0.823,0.852,0.971,0.81,0.982,0.893
5,3,2,1,5,6,5,"split_170",0.328793774319066,0.387218045112782,0.937,0.873,0.922,0.9,0.826,0.846,0.971,0.823,0.983,0.899
6,3,2,1,5,6,5,"split_171",0.317596566523605,0.394904458598726,0.937,0.882,0.926,0.901,0.823,0.848,0.97,0.842,0.982,0.913
2,4,2,1,5,6,5,"split_172",0.350912778904665,0.344947735191638,0.93,0.902,0.908,0.902,0.81,0.872,0.969,0.827,0.98,0.909
5,4,2,1,5,6,5,"split_173",0.357289527720739,0.334470989761092,0.926,0.904,0.906,0.907,0.813,0.866,0.97,0.837,0.98,0.914
6,4,2,1,5,6,5,"split_174",0.348519362186788,0.348973607038123,0.925,0.906,0.903,0.903,0.808,0.865,0.968,0.856,0.978,0.922
2,3,3,1,5,6,5,"split_175",0.323076923076923,0.4,0.946,0.874,0.91,0.892,0.846,0.855,0.969,0.873,0.98,0.915
5,3,3,1,5,6,5,"split_176",0.328793774319066,0.387218045112782,0.944,0.878,0.921,0.894,0.851,0.846,0.97,0.878,0.981,0.919
6,3,3,1,5,6,5,"split_177",0.317596566523605,0.394904458598726,0.942,0.882,0.922,0.901,0.844,0.854,0.966,0.888,0.978,0.929
2,4,3,1,5,6,5,"split_178",0.350912778904665,0.344947735191638,0.938,0.897,0.917,0.901,0.834,0.873,0.969,0.871,0.98,0.923
5,4,3,1,5,6,5,"split_179",0.357289527720739,0.334470989761092,0.937,0.899,0.92,0.903,0.839,0.865,0.969,0.883,0.98,0.927
6,4,3,1,5,6,5,"split_180",0.348519362186788,0.348973607038123,0.932,0.902,0.918,0.903,0.831,0.87,0.965,0.88,0.976,0.93
2,3,2,6,5,6,5,"split_181",0.404021937842779,0.218884120171674,0.929,0.913,0.912,0.913,0.813,0.879,0.959,0.921,0.977,0.955
5,3,2,6,5,6,5,"split_182",0.410351201478743,0.209205020920502,0.931,0.922,0.913,0.919,0.816,0.871,0.962,0.916,0.978,0.952
6,3,2,6,5,6,5,"split_183",0.407707910750507,0.247386759581882,0.931,0.919,0.899,0.911,0.812,0.869,0.96,0.913,0.975,0.951
2,4,2,6,5,6,5,"split_184",0.434615384615385,0.176923076923077,0.921,0.94,0.898,0.922,0.801,0.898,0.96,0.919,0.973,0.96
5,4,2,6,5,6,5,"split_185",0.441634241245136,0.169172932330827,0.926,0.945,0.907,0.928,0.803,0.89,0.961,0.915,0.976,0.958
6,4,2,6,5,6,5,"split_186",0.44206008583691,0.210191082802548,0.921,0.943,0.893,0.921,0.798,0.885,0.958,0.919,0.973,0.96
2,3,3,6,5,6,5,"split_187",0.404021937842779,0.218884120171674,0.939,0.912,0.916,0.915,0.837,0.879,0.966,0.878,0.979,0.93
5,3,3,6,5,6,5,"split_188",0.410351201478743,0.209205020920502,0.93,0.911,0.909,0.91,0.841,0.869,0.965,0.877,0.977,0.925
6,3,3,6,5,6,5,"split_189",0.407707910750507,0.247386759581882,0.938,0.916,0.92,0.917,0.834,0.874,0.963,0.876,0.98,0.938
2,4,3,6,5,6,5,"split_190",0.434615384615385,0.176923076923077,0.935,0.927,0.904,0.915,0.826,0.897,0.964,0.878,0.977,0.934
5,4,3,6,5,6,5,"split_191",0.441634241245136,0.169172932330827,0.931,0.931,0.904,0.914,0.83,0.887,0.965,0.884,0.976,0.933
6,4,3,6,5,6,5,"split_192",0.44206008583691,0.210191082802548,0.929,0.929,0.91,0.916,0.821,0.889,0.963,0.884,0.976,0.94
2,3,2,1,2,3,6,"split_193",0.198731501057082,0.579804560260586,0.945,0.875,0.942,0.865,0.862,0.788,0.984,0.751,0.992,0.859
5,3,2,1,2,3,6,"split_194",0.203426124197002,0.565495207667732,0.945,0.878,0.945,0.874,0.866,0.784,0.986,0.751,0.993,0.862
6,3,2,1,2,3,6,"split_195",0.176610978520286,0.548476454293629,0.944,0.883,0.938,0.885,0.867,0.793,0.983,0.783,0.992,0.882
2,4,2,1,2,3,6,"split_196",0.221973094170404,0.517964071856287,0.937,0.9,0.944,0.874,0.85,0.81,0.983,0.773,0.991,0.875
5,4,2,1,2,3,6,"split_197",0.227272727272727,0.505882352941176,0.931,0.897,0.94,0.885,0.854,0.806,0.985,0.78,0.991,0.878
6,4,2,1,2,3,6,"split_198",0.201530612244898,0.497422680412371,0.926,0.899,0.931,0.893,0.854,0.812,0.981,0.817,0.988,0.894
2,3,3,1,2,3,6,"split_199",0.198731501057082,0.579804560260586,0.951,0.877,0.942,0.846,0.881,0.796,0.98,0.854,0.989,0.907
5,3,3,1,2,3,6,"split_200",0.203426124197002,0.565495207667732,0.949,0.883,0.942,0.843,0.886,0.79,0.981,0.86,0.989,0.908
6,3,3,1,2,3,6,"split_201",0.176610978520286,0.548476454293629,0.945,0.886,0.942,0.86,0.883,0.804,0.976,0.88,0.985,0.922
2,4,3,1,2,3,6,"split_202",0.221973094170404,0.517964071856287,0.942,0.894,0.94,0.848,0.87,0.816,0.977,0.873,0.985,0.917
5,4,3,1,2,3,6,"split_203",0.227272727272727,0.505882352941176,0.937,0.895,0.94,0.853,0.876,0.81,0.978,0.87,0.985,0.913
6,4,3,1,2,3,6,"split_204",0.201530612244898,0.497422680412371,0.937,0.899,0.935,0.866,0.871,0.821,0.973,0.88,0.983,0.925
2,3,2,6,2,3,6,"split_205",0.294,0.446428571428571,0.94,0.911,0.928,0.881,0.85,0.804,0.966,0.883,0.983,0.931
5,3,2,6,2,3,6,"split_206",0.299595141700405,0.433566433566434,0.939,0.914,0.931,0.891,0.853,0.799,0.968,0.884,0.984,0.929
6,3,2,6,2,3,6,"split_207",0.2847533632287,0.434131736526946,0.947,0.916,0.928,0.899,0.853,0.807,0.966,0.882,0.985,0.937
2,4,2,6,2,3,6,"split_208",0.321353065539112,0.390879478827362,0.933,0.929,0.923,0.891,0.838,0.826,0.965,0.888,0.981,0.937
5,4,2,6,2,3,6,"split_209",0.32762312633833,0.380191693290735,0.934,0.933,0.925,0.898,0.841,0.821,0.967,0.883,0.983,0.936
6,4,2,6,2,3,6,"split_210",0.315035799522673,0.38781163434903,0.926,0.93,0.909,0.899,0.84,0.826,0.962,0.891,0.979,0.942
2,3,3,6,2,3,6,"split_211",0.294,0.446428571428571,0.944,0.909,0.936,0.86,0.869,0.81,0.969,0.885,0.982,0.925
5,3,3,6,2,3,6,"split_212",0.299595141700405,0.433566433566434,0.942,0.913,0.937,0.86,0.874,0.803,0.971,0.88,0.983,0.919
6,3,3,6,2,3,6,"split_213",0.2847533632287,0.434131736526946,0.94,0.912,0.93,0.864,0.87,0.817,0.966,0.887,0.979,0.931
2,4,3,6,2,3,6,"split_214",0.321353065539112,0.390879478827362,0.944,0.914,0.936,0.861,0.858,0.831,0.967,0.893,0.982,0.93
5,4,3,6,2,3,6,"split_215",0.32762312633833,0.380191693290735,0.944,0.923,0.939,0.858,0.863,0.824,0.968,0.879,0.983,0.921
6,4,3,6,2,3,6,"split_216",0.315035799522673,0.38781163434903,0.935,0.916,0.926,0.867,0.858,0.834,0.963,0.89,0.977,0.932
2,3,2,1,3,3,6,"split_217",0.225225225225225,0.511904761904762,0.938,0.898,0.94,0.865,0.856,0.802,0.97,0.81,0.983,0.902
5,3,2,1,3,3,6,"split_218",0.230593607305936,0.5,0.937,0.901,0.937,0.875,0.86,0.798,0.971,0.823,0.983,0.905
6,3,2,1,3,3,6,"split_219",0.205128205128205,0.492307692307692,0.935,0.906,0.928,0.887,0.861,0.806,0.968,0.85,0.981,0.92
2,4,2,1,3,3,6,"split_220",0.251798561151079,0.460055096418733,0.927,0.915,0.926,0.882,0.843,0.822,0.967,0.833,0.978,0.914
5,4,2,1,3,3,6,"split_221",0.257907542579075,0.449864498644986,0.917,0.917,0.929,0.884,0.847,0.817,0.968,0.836,0.979,0.913
6,4,2,1,3,3,6,"split_222",0.234159779614325,0.448441247002398,0.923,0.922,0.923,0.896,0.846,0.822,0.963,0.859,0.977,0.927
2,3,3,1,3,3,6,"split_223",0.225225225225225,0.511904761904762,0.942,0.896,0.936,0.847,0.875,0.81,0.967,0.883,0.978,0.922
5,3,3,1,3,3,6,"split_224",0.230593607305936,0.5,0.937,0.897,0.942,0.843,0.881,0.804,0.968,0.874,0.98,0.914
6,3,3,1,3,3,6,"split_225",0.205128205128205,0.492307692307692,0.936,0.903,0.94,0.858,0.877,0.816,0.96,0.891,0.977,0.931
2,4,3,1,3,3,6,"split_226",0.251798561151079,0.460055096418733,0.928,0.909,0.935,0.855,0.863,0.828,0.964,0.874,0.975,0.92
5,4,3,1,3,3,6,"split_227",0.257907542579075,0.449864498644986,0.928,0.91,0.945,0.856,0.869,0.822,0.966,0.871,0.98,0.917
6,4,3,1,3,3,6,"split_228",0.234159779614325,0.448441247002398,0.923,0.912,0.931,0.87,0.863,0.831,0.955,0.899,0.969,0.936
2,3,2,6,3,3,6,"split_229",0.32484076433121,0.385113268608414,0.934,0.928,0.924,0.887,0.843,0.818,0.956,0.912,0.975,0.952
5,3,2,6,3,3,6,"split_230",0.331182795698925,0.374603174603175,0.935,0.931,0.926,0.885,0.847,0.813,0.958,0.908,0.978,0.952
6,3,2,6,3,3,6,"split_231",0.3189448441247,0.382920110192837,0.931,0.932,0.915,0.902,0.846,0.819,0.955,0.901,0.974,0.952
2,4,2,6,3,3,6,"split_232",0.355855855855856,0.339285714285714,0.929,0.943,0.923,0.895,0.83,0.838,0.953,0.91,0.974,0.957
5,4,2,6,3,3,6,"split_233",0.363013698630137,0.330409356725146,0.925,0.945,0.915,0.901,0.833,0.833,0.956,0.909,0.973,0.953
6,4,2,6,3,3,6,"split_234",0.353846153846154,0.343589743589744,0.915,0.944,0.907,0.903,0.831,0.836,0.951,0.91,0.969,0.956
2,3,3,6,3,3,6,"split_235",0.32484076433121,0.385113268608414,0.937,0.922,0.937,0.863,0.863,0.824,0.966,0.856,0.981,0.917
5,3,3,6,3,3,6,"split_236",0.331182795698925,0.374603174603175,0.936,0.928,0.938,0.86,0.868,0.818,0.967,0.853,0.981,0.912
6,3,3,6,3,3,6,"split_237",0.3189448441247,0.382920110192837,0.934,0.922,0.929,0.869,0.863,0.828,0.962,0.862,0.975,0.919
2,4,3,6,3,3,6,"split_238",0.355855855855856,0.339285714285714,0.935,0.926,0.923,0.868,0.851,0.842,0.963,0.86,0.976,0.916
5,4,3,6,3,3,6,"split_239",0.363013698630137,0.330409356725146,0.928,0.927,0.929,0.867,0.856,0.836,0.966,0.854,0.978,0.908
6,4,3,6,3,3,6,"split_240",0.353846153846154,0.343589743589744,0.922,0.93,0.921,0.877,0.849,0.844,0.959,0.86,0.973,0.921
2,3,2,1,4,3,6,"split_241",0.212860310421286,0.534954407294833,0.938,0.903,0.939,0.87,0.861,0.795,0.97,0.809,0.984,0.901
5,3,2,1,4,3,6,"split_242",0.217977528089888,0.522388059701492,0.935,0.903,0.939,0.881,0.865,0.791,0.971,0.814,0.984,0.902
6,3,2,1,4,3,6,"split_243",0.191435768261965,0.511749347258486,0.933,0.908,0.936,0.889,0.866,0.799,0.969,0.835,0.983,0.915
2,4,2,1,4,3,6,"split_244",0.238207547169811,0.480337078651685,0.923,0.922,0.93,0.883,0.848,0.815,0.968,0.822,0.98,0.912
5,4,2,1,4,3,6,"split_245",0.244019138755981,0.469613259668508,0.92,0.924,0.928,0.886,0.852,0.811,0.968,0.822,0.98,0.91
6,4,2,1,4,3,6,"split_246",0.218918918918919,0.465853658536585,0.919,0.925,0.925,0.898,0.852,0.816,0.964,0.85,0.979,0.925
2,3,3,1,4,3,6,"split_247",0.212860310421286,0.534954407294833,0.943,0.892,0.945,0.843,0.874,0.81,0.967,0.871,0.981,0.916
5,3,3,1,4,3,6,"split_248",0.217977528089888,0.522388059701492,0.94,0.898,0.948,0.848,0.879,0.804,0.968,0.883,0.982,0.92
6,3,3,1,4,3,6,"split_249",0.191435768261965,0.511749347258486,0.94,0.9,0.94,0.867,0.875,0.816,0.96,0.892,0.977,0.933
2,4,3,1,4,3,6,"split_250",0.238207547169811,0.480337078651685,0.93,0.9,0.945,0.856,0.862,0.828,0.965,0.881,0.979,0.921
5,4,3,1,4,3,6,"split_251",0.244019138755981,0.469613259668508,0.931,0.904,0.945,0.857,0.868,0.823,0.966,0.887,0.981,0.924
6,4,3,1,4,3,6,"split_252",0.218918918918919,0.465853658536585,0.923,0.908,0.942,0.874,0.862,0.831,0.955,0.903,0.973,0.939
2,3,2,6,4,3,6,"split_253",0.311715481171548,0.407284768211921,0.93,0.931,0.919,0.889,0.848,0.81,0.955,0.905,0.974,0.95
5,3,2,6,4,3,6,"split_254",0.317796610169492,0.396103896103896,0.933,0.932,0.922,0.9,0.851,0.805,0.958,0.904,0.977,0.95
6,3,2,6,4,3,6,"split_255",0.304245283018868,0.401685393258427,0.931,0.931,0.914,0.902,0.851,0.812,0.955,0.898,0.976,0.951
2,4,2,6,4,3,6,"split_256",0.341463414634146,0.358662613981763,0.924,0.945,0.914,0.898,0.835,0.831,0.952,0.908,0.973,0.958
5,4,2,6,4,3,6,"split_257",0.348314606741573,0.349253731343284,0.927,0.949,0.915,0.906,0.839,0.826,0.954,0.901,0.974,0.953
6,4,2,6,4,3,6,"split_258",0.337531486146096,0.360313315926893,0.916,0.945,0.91,0.904,0.837,0.83,0.949,0.902,0.97,0.954
2,3,3,6,4,3,6,"split_259",0.311715481171548,0.407284768211921,0.944,0.911,0.936,0.865,0.862,0.825,0.962,0.881,0.98,0.928
5,3,3,6,4,3,6,"split_260",0.317796610169492,0.396103896103896,0.946,0.916,0.935,0.862,0.867,0.818,0.965,0.879,0.981,0.924
6,3,3,6,4,3,6,"split_261",0.304245283018868,0.401685393258427,0.94,0.915,0.925,0.876,0.862,0.829,0.959,0.885,0.975,0.933
2,4,3,6,4,3,6,"split_262",0.341463414634146,0.358662613981763,0.934,0.919,0.929,0.871,0.85,0.843,0.961,0.877,0.978,0.927
5,4,3,6,4,3,6,"split_263",0.348314606741573,0.349253731343284,0.935,0.927,0.938,0.869,0.855,0.837,0.962,0.878,0.979,0.925
6,4,3,6,4,3,6,"split_264",0.337531486146096,0.360313315926893,0.929,0.92,0.92,0.876,0.848,0.844,0.954,0.875,0.972,0.93
2,3,2,1,5,3,6,"split_265",0.196078431372549,0.566978193146417,0.941,0.888,0.938,0.868,0.856,0.8,0.972,0.808,0.985,0.897
5,3,2,1,5,3,6,"split_266",0.200883002207506,0.553516819571865,0.941,0.896,0.937,0.88,0.86,0.796,0.973,0.811,0.985,0.903
6,3,2,1,5,3,6,"split_267",0.172839506172839,0.538666666666667,0.938,0.898,0.936,0.887,0.86,0.804,0.971,0.834,0.984,0.912
2,4,2,1,5,3,6,"split_268",0.219907407407407,0.508620689655172,0.93,0.909,0.927,0.879,0.843,0.82,0.971,0.824,0.981,0.911
5,4,2,1,5,3,6,"split_269",0.225352112676056,0.497175141242938,0.927,0.915,0.928,0.885,0.847,0.816,0.971,0.841,0.982,0.915
6,4,2,1,5,3,6,"split_270",0.198412698412698,0.490049751243781,0.92,0.914,0.923,0.899,0.846,0.821,0.968,0.859,0.979,0.923
2,3,3,1,5,3,6,"split_271",0.196078431372549,0.566978193146417,0.952,0.88,0.94,0.852,0.875,0.808,0.972,0.854,0.984,0.905
5,3,3,1,5,3,6,"split_272",0.200883002207506,0.553516819571865,0.946,0.889,0.946,0.848,0.88,0.802,0.971,0.869,0.984,0.914
6,3,3,1,5,3,6,"split_273",0.172839506172839,0.538666666666667,0.948,0.893,0.937,0.861,0.877,0.814,0.969,0.874,0.981,0.919
2,4,3,1,5,3,6,"split_274",0.219907407407407,0.508620689655172,0.941,0.892,0.933,0.854,0.864,0.826,0.97,0.863,0.98,0.911
5,4,3,1,5,3,6,"split_275",0.225352112676056,0.497175141242938,0.938,0.897,0.938,0.86,0.869,0.821,0.971,0.871,0.981,0.915
6,4,3,1,5,3,6,"split_276",0.198412698412698,0.490049751243781,0.938,0.899,0.933,0.873,0.863,0.83,0.965,0.883,0.978,0.926
2,3,2,6,5,3,6,"split_277",0.294238683127572,0.438775510204082,0.931,0.924,0.92,0.886,0.843,0.816,0.958,0.899,0.976,0.945
5,3,2,6,5,3,6,"split_278",0.3,0.426666666666667,0.933,0.926,0.927,0.897,0.847,0.812,0.959,0.901,0.978,0.944
6,3,2,6,5,3,6,"split_279",0.284722222222222,0.42816091954023,0.936,0.924,0.915,0.893,0.846,0.818,0.958,0.9,0.976,0.946
2,4,2,6,5,3,6,"split_280",0.32244008714597,0.386292834890966,0.923,0.943,0.917,0.895,0.83,0.837,0.956,0.906,0.974,0.952
5,4,2,6,5,3,6,"split_281",0.328918322295806,0.376146788990826,0.925,0.942,0.916,0.902,0.834,0.832,0.958,0.905,0.975,0.95
6,4,2,6,5,3,6,"split_282",0.316049382716049,0.384,0.916,0.941,0.918,0.899,0.831,0.835,0.954,0.903,0.975,0.948
2,3,3,6,5,3,6,"split_283",0.294238683127572,0.438775510204082,0.945,0.911,0.932,0.866,0.863,0.823,0.966,0.86,0.981,0.916
5,3,3,6,5,3,6,"split_284",0.3,0.426666666666667,0.941,0.907,0.927,0.86,0.868,0.816,0.967,0.866,0.98,0.911
6,3,3,6,5,3,6,"split_285",0.284722222222222,0.42816091954023,0.939,0.908,0.926,0.87,0.863,0.827,0.964,0.861,0.978,0.919
2,4,3,6,5,3,6,"split_286",0.32244008714597,0.386292834890966,0.94,0.911,0.926,0.87,0.852,0.842,0.965,0.868,0.979,0.917
5,4,3,6,5,3,6,"split_287",0.328918322295806,0.376146788990826,0.934,0.919,0.924,0.865,0.857,0.835,0.967,0.868,0.979,0.915
6,4,3,6,5,3,6,"split_288",0.316049382716049,0.384,0.938,0.911,0.922,0.875,0.85,0.843,0.96,0.859,0.976,0.918
2,3,2,1,2,6,6,"split_289",0.305555555555556,0.427536231884058,0.945,0.86,0.93,0.886,0.826,0.847,0.984,0.729,0.991,0.839
5,3,2,1,2,6,6,"split_290",0.311244979919679,0.414893617021277,0.946,0.862,0.929,0.897,0.829,0.841,0.985,0.739,0.992,0.843
6,3,2,1,2,6,6,"split_291",0.297777777777778,0.418181818181818,0.952,0.876,0.926,0.897,0.826,0.844,0.984,0.782,0.991,0.872
2,4,2,1,2,6,6,"split_292",0.333333333333333,0.372937293729373,0.936,0.882,0.922,0.897,0.813,0.866,0.984,0.746,0.99,0.855
5,4,2,1,2,6,6,"split_293",0.339702760084926,0.362459546925566,0.936,0.889,0.923,0.903,0.816,0.86,0.985,0.762,0.99,0.865
6,4,2,1,2,6,6,"split_294",0.328605200945626,0.372549019607843,0.931,0.894,0.926,0.907,0.811,0.86,0.981,0.8,0.989,0.891
2,3,3,1,2,6,6,"split_295",0.305555555555556,0.427536231884058,0.951,0.874,0.929,0.88,0.845,0.856,0.978,0.862,0.987,0.91
5,3,3,1,2,6,6,"split_296",0.311244979919679,0.414893617021277,0.947,0.874,0.925,0.882,0.849,0.848,0.978,0.865,0.987,0.914
6,3,3,1,2,6,6,"split_297",0.297777777777778,0.418181818181818,0.947,0.884,0.923,0.887,0.842,0.855,0.975,0.882,0.986,0.926
2,4,3,1,2,6,6,"split_298",0.333333333333333,0.372937293729373,0.944,0.892,0.922,0.889,0.833,0.873,0.977,0.869,0.986,0.919
5,4,3,1,2,6,6,"split_299",0.339702760084926,0.362459546925566,0.939,0.894,0.921,0.884,0.837,0.866,0.979,0.879,0.986,0.922
6,4,3,1,2,6,6,"split_300",0.328605200945626,0.372549019607843,0.936,0.896,0.915,0.897,0.828,0.87,0.973,0.886,0.982,0.928
2,3,2,6,2,6,6,"split_301",0.389830508474576,0.261044176706827,0.943,0.904,0.919,0.903,0.816,0.871,0.97,0.876,0.983,0.928
5,3,2,6,2,6,6,"split_302",0.396190476190476,0.250980392156863,0.95,0.906,0.919,0.915,0.819,0.864,0.97,0.882,0.985,0.93
6,3,2,6,2,6,6,"split_303",0.392033542976939,0.280528052805281,0.945,0.911,0.919,0.919,0.815,0.863,0.97,0.878,0.985,0.934
2,4,2,6,2,6,6,"split_304",0.420634920634921,0.217391304347826,0.933,0.921,0.909,0.915,0.803,0.89,0.971,0.886,0.982,0.936
5,4,2,6,2,6,6,"split_305",0.427710843373494,0.209219858156028,0.94,0.927,0.909,0.92,0.806,0.883,0.972,0.884,0.983,0.935
6,4,2,6,2,6,6,"split_306",0.426666666666667,0.242424242424242,0.937,0.926,0.904,0.922,0.8,0.879,0.969,0.888,0.983,0.94
2,3,3,6,2,6,6,"split_307",0.389830508474576,0.261044176706827,0.941,0.912,0.916,0.897,0.836,0.879,0.968,0.886,0.98,0.932
5,3,3,6,2,6,6,"split_308",0.396190476190476,0.250980392156863,0.94,0.916,0.919,0.898,0.84,0.869,0.969,0.891,0.982,0.933
6,3,3,6,2,6,6,"split_309",0.392033542976939,0.280528052805281,0.947,0.92,0.918,0.9,0.832,0.874,0.966,0.894,0.982,0.944
2,4,3,6,2,6,6,"split_310",0.420634920634921,0.217391304347826,0.944,0.922,0.909,0.902,0.824,0.895,0.967,0.897,0.98,0.942
5,4,3,6,2,6,6,"split_311",0.427710843373494,0.209219858156028,0.942,0.929,0.913,0.903,0.828,0.887,0.969,0.893,0.982,0.939
6,4,3,6,2,6,6,"split_312",0.426666666666667,0.242424242424242,0.935,0.924,0.905,0.904,0.819,0.888,0.965,0.897,0.977,0.945
2,3,2,1,3,6,6,"split_313",0.336842105263158,0.367213114754098,0.939,0.886,0.92,0.893,0.818,0.857,0.972,0.805,0.983,0.892
5,3,2,1,3,6,6,"split_314",0.343283582089552,0.356913183279743,0.938,0.889,0.921,0.902,0.821,0.852,0.972,0.816,0.984,0.901
6,3,2,1,3,6,6,"split_315",0.332541567695962,0.367688022284123,0.936,0.891,0.912,0.914,0.817,0.853,0.968,0.839,0.98,0.915
2,4,2,1,3,6,6,"split_316",0.368303571428571,0.322289156626506,0.933,0.904,0.916,0.905,0.803,0.874,0.972,0.807,0.981,0.898
5,4,2,1,3,6,6,"split_317",0.375565610859729,0.313609467455621,0.925,0.91,0.912,0.908,0.806,0.869,0.971,0.828,0.98,0.91
6,4,2,1,3,6,6,"split_318",0.368020304568528,0.329015544041451,0.922,0.911,0.9,0.914,0.8,0.867,0.967,0.846,0.977,0.922
2,3,3,1,3,6,6,"split_319",0.336842105263158,0.367213114754098,0.937,0.893,0.921,0.887,0.837,0.866,0.965,0.878,0.977,0.927
5,3,3,1,3,6,6,"split_320",0.343283582089552,0.356913183279743,0.936,0.897,0.924,0.886,0.842,0.859,0.968,0.894,0.98,0.934
6,3,3,1,3,6,6,"split_321",0.332541567695962,0.367688022284123,0.929,0.901,0.924,0.892,0.834,0.864,0.96,0.899,0.974,0.941
2,4,3,1,3,6,6,"split_322",0.368303571428571,0.322289156626506,0.93,0.907,0.912,0.889,0.824,0.881,0.963,0.887,0.975,0.934
5,4,3,1,3,6,6,"split_323",0.375565610859729,0.313609467455621,0.924,0.911,0.911,0.892,0.828,0.874,0.964,0.9,0.973,0.936
6,4,3,1,3,6,6,"split_324",0.368020304568528,0.329015544041451,0.926,0.91,0.917,0.903,0.818,0.877,0.957,0.893,0.971,0.94
2,3,2,6,3,6,6,"split_325",0.424302788844622,0.212230215827338,0.94,0.921,0.916,0.91,0.808,0.88,0.962,0.911,0.978,0.957
5,3,2,6,3,6,6,"split_326",0.431451612903226,0.204225352112676,0.941,0.928,0.911,0.918,0.811,0.874,0.963,0.909,0.979,0.956
6,3,2,6,3,6,6,"split_327",0.430803571428571,0.237951807228916,0.942,0.93,0.921,0.921,0.806,0.871,0.962,0.9,0.981,0.957
2,4,2,6,3,6,6,"split_328",0.458947368421053,0.177049180327869,0.926,0.939,0.908,0.922,0.793,0.896,0.964,0.907,0.977,0.959
5,4,2,6,3,6,6,"split_329",0.466950959488273,0.170418006430868,0.93,0.948,0.903,0.927,0.796,0.89,0.964,0.907,0.978,0.96
6,4,2,6,3,6,6,"split_330",0.470308788598575,0.206128133704735,0.927,0.939,0.89,0.927,0.789,0.886,0.958,0.903,0.974,0.958
2,3,3,6,3,6,6,"split_331",0.424302788844622,0.212230215827338,0.938,0.932,0.923,0.903,0.828,0.887,0.966,0.881,0.98,0.938
5,3,3,6,3,6,6,"split_332",0.431451612903226,0.204225352112676,0.938,0.936,0.915,0.898,0.832,0.879,0.966,0.875,0.979,0.93
6,3,3,6,3,6,6,"split_333",0.430803571428571,0.237951807228916,0.924,0.932,0.911,0.906,0.823,0.881,0.962,0.872,0.975,0.939
2,4,3,6,3,6,6,"split_334",0.458947368421053,0.177049180327869,0.935,0.939,0.912,0.91,0.815,0.902,0.969,0.875,0.981,0.936
5,4,3,6,3,6,6,"split_335",0.466950959488273,0.170418006430868,0.935,0.943,0.904,0.908,0.819,0.893,0.967,0.877,0.978,0.935
6,4,3,6,3,6,6,"split_336",0.470308788598575,0.206128133704735,0.924,0.938,0.902,0.91,0.808,0.894,0.962,0.879,0.973,0.94
2,3,2,1,4,6,6,"split_337",0.323651452282158,0.389261744966443,0.934,0.89,0.915,0.894,0.823,0.85,0.972,0.79,0.983,0.887
5,3,2,1,4,6,6,"split_338",0.329831932773109,0.378289473684211,0.934,0.9,0.912,0.899,0.826,0.845,0.972,0.808,0.983,0.897
6,3,2,1,4,6,6,"split_339",0.317757009345794,0.386363636363636,0.932,0.899,0.92,0.907,0.823,0.846,0.971,0.83,0.983,0.909
2,4,2,1,4,6,6,"split_340",0.353846153846154,0.341538461538462,0.921,0.913,0.908,0.905,0.809,0.868,0.971,0.814,0.979,0.906
5,4,2,1,4,6,6,"split_341",0.360801781737194,0.332326283987915,0.922,0.916,0.919,0.908,0.812,0.862,0.971,0.823,0.981,0.913
6,4,2,1,4,6,6,"split_342",0.351620947630923,0.345646437994723,0.919,0.919,0.917,0.915,0.807,0.862,0.967,0.845,0.979,0.925
2,3,3,1,4,6,6,"split_343",0.323651452282158,0.389261744966443,0.94,0.893,0.923,0.886,0.836,0.868,0.965,0.893,0.979,0.932
5,3,3,1,4,6,6,"split_344",0.329831932773109,0.378289473684211,0.937,0.898,0.926,0.882,0.841,0.86,0.967,0.899,0.98,0.934
6,3,3,1,4,6,6,"split_345",0.317757009345794,0.386363636363636,0.931,0.901,0.918,0.895,0.833,0.865,0.96,0.901,0.975,0.941
2,4,3,1,4,6,6,"split_346",0.353846153846154,0.341538461538462,0.933,0.907,0.917,0.886,0.823,0.883,0.963,0.898,0.976,0.937
5,4,3,1,4,6,6,"split_347",0.360801781737194,0.332326283987915,0.929,0.91,0.918,0.892,0.828,0.875,0.965,0.9,0.976,0.936
6,4,3,1,4,6,6,"split_348",0.351620947630923,0.345646437994723,0.923,0.913,0.919,0.904,0.817,0.878,0.959,0.903,0.974,0.946
2,3,2,6,4,6,6,"split_349",0.410609037328094,0.232472324723247,0.934,0.933,0.908,0.912,0.813,0.873,0.96,0.908,0.977,0.957
5,3,2,6,4,6,6,"split_350",0.417495029821074,0.223826714801444,0.936,0.936,0.903,0.916,0.816,0.866,0.963,0.906,0.978,0.955
6,3,2,6,4,6,6,"split_351",0.415384615384615,0.255384615384615,0.933,0.933,0.902,0.92,0.811,0.865,0.96,0.892,0.977,0.951
2,4,2,6,4,6,6,"split_352",0.443983402489627,0.194630872483221,0.925,0.949,0.896,0.923,0.799,0.89,0.962,0.906,0.975,0.961
5,4,2,6,4,6,6,"split_353",0.451680672268908,0.1875,0.929,0.952,0.897,0.926,0.802,0.884,0.961,0.905,0.976,0.96
6,4,2,6,4,6,6,"split_354",0.453271028037383,0.221590909090909,0.924,0.945,0.884,0.924,0.795,0.88,0.959,0.903,0.973,0.954
2,3,3,6,4,6,6,"split_355",0.410609037328094,0.232472324723247,0.942,0.928,0.917,0.903,0.827,0.89,0.961,0.904,0.977,0.948
5,3,3,6,4,6,6,"split_356",0.417495029821074,0.223826714801444,0.943,0.933,0.921,0.905,0.831,0.881,0.962,0.898,0.978,0.943
6,3,3,6,4,6,6,"split_357",0.415384615384615,0.255384615384615,0.932,0.932,0.92,0.908,0.823,0.883,0.958,0.892,0.976,0.948
2,4,3,6,4,6,6,"split_358",0.443983402489627,0.194630872483221,0.932,0.935,0.906,0.908,0.814,0.904,0.962,0.899,0.976,0.946
5,4,3,6,4,6,6,"split_359",0.451680672268908,0.1875,0.942,0.942,0.91,0.907,0.818,0.896,0.965,0.902,0.979,0.947
6,4,3,6,4,6,6,"split_360",0.453271028037383,0.221590909090909,0.925,0.935,0.902,0.914,0.808,0.896,0.956,0.899,0.971,0.952
2,3,2,1,5,6,6,"split_361",0.306122448979592,0.420689655172414,0.938,0.879,0.921,0.891,0.819,0.858,0.974,0.799,0.984,0.888
5,3,2,1,5,6,6,"split_362",0.31198347107438,0.408783783783784,0.938,0.882,0.923,0.898,0.822,0.852,0.974,0.818,0.985,0.896
6,3,2,1,5,6,6,"split_363",0.298165137614679,0.412790697674419,0.939,0.888,0.914,0.902,0.818,0.853,0.973,0.835,0.983,0.906
2,4,2,1,5,6,6,"split_364",0.334773218142549,0.369085173501577,0.928,0.9,0.919,0.9,0.805,0.875,0.972,0.805,0.982,0.902
5,4,2,1,5,6,6,"split_365",0.341356673960613,0.359133126934985,0.927,0.907,0.914,0.908,0.808,0.87,0.974,0.824,0.983,0.905
6,4,2,1,5,6,6,"split_366",0.330073349633252,0.369272237196765,0.922,0.907,0.899,0.909,0.802,0.868,0.971,0.846,0.98,0.914
2,3,3,1,5,6,6,"split_367",0.306122448979592,0.420689655172414,0.947,0.884,0.923,0.887,0.838,0.866,0.969,0.873,0.982,0.92
5,3,3,1,5,6,6,"split_368",0.31198347107438,0.408783783783784,0.942,0.888,0.924,0.888,0.843,0.858,0.97,0.878,0.981,0.921
6,3,3,1,5,6,6,"split_369",0.298165137614679,0.412790697674419,0.939,0.889,0.912,0.891,0.835,0.864,0.968,0.885,0.978,0.929
2,4,3,1,5,6,6,"split_370",0.334773218142549,0.369085173501577,0.941,0.898,0.91,0.891,0.825,0.882,0.969,0.881,0.98,0.928
5,4,3,1,5,6,6,"split_371",0.341356673960613,0.359133126934985,0.934,0.902,0.909,0.888,0.83,0.874,0.969,0.893,0.979,0.93
6,4,3,1,5,6,6,"split_372",0.330073349633252,0.369272237196765,0.935,0.903,0.913,0.901,0.82,0.877,0.966,0.886,0.977,0.932
2,3,2,6,5,6,6,"split_373",0.392649903288201,0.262357414448669,0.935,0.923,0.917,0.913,0.809,0.882,0.962,0.902,0.978,0.953
5,3,2,6,5,6,6,"split_374",0.399217221135029,0.252788104089219,0.936,0.924,0.912,0.913,0.812,0.875,0.964,0.9,0.979,0.948
6,3,2,6,5,6,6,"split_375",0.39524838012959,0.280757097791798,0.937,0.923,0.926,0.917,0.807,0.872,0.962,0.899,0.981,0.951
2,4,2,6,5,6,6,"split_376",0.424489795918367,0.220689655172414,0.923,0.939,0.9,0.919,0.795,0.899,0.962,0.906,0.976,0.954
5,4,2,6,5,6,6,"split_377",0.431818181818182,0.212837837837838,0.928,0.944,0.905,0.924,0.798,0.892,0.963,0.907,0.978,0.957
6,4,2,6,5,6,6,"split_378",0.431192660550459,0.244186046511628,0.925,0.938,0.892,0.919,0.791,0.887,0.96,0.905,0.974,0.952
2,3,3,6,5,6,6,"split_379",0.392649903288201,0.262357414448669,0.939,0.92,0.914,0.906,0.829,0.889,0.964,0.882,0.979,0.933
5,3,3,6,5,6,6,"split_380",0.399217221135029,0.252788104089219,0.939,0.925,0.922,0.906,0.833,0.88,0.966,0.887,0.981,0.936
6,3,3,6,5,6,6,"split_381",0.39524838012959,0.280757097791798,0.942,0.927,0.92,0.911,0.825,0.882,0.965,0.883,0.98,0.939
2,4,3,6,5,6,6,"split_382",0.424489795918367,0.220689655172414,0.938,0.931,0.908,0.907,0.816,0.904,0.966,0.881,0.979,0.937
5,4,3,6,5,6,6,"split_383",0.431818181818182,0.212837837837838,0.933,0.935,0.911,0.906,0.821,0.895,0.967,0.884,0.978,0.936
6,4,3,6,5,6,6,"split_384",0.431192660550459,0.244186046511628,0.929,0.929,0.9,0.909,0.81,0.895,0.964,0.889,0.976,0.942
